Step,Training Loss,Validation Loss
5,No log,1.826418
10,No log,1.804613
15,No log,1.765888
20,No log,1.714992
25,2.1595,1.676667
30,2.1595,1.646701
35,2.1595,1.624172
40,2.1595,1.60006
45,2.1595,1.577182
50,1.7742,1.55085
55,1.7742,1.525081
60,1.7742,1.504637
65,1.7742,1.4834
70,1.7742,1.462789
75,1.5287,1.453626
80,1.5287,1.448854
85,1.5287,1.442346
90,1.5287,1.4384
95,1.5287,1.436052
100,1.3823,1.435293